<?xml version="1.0"?>
<config xmlns:xsi="http://www.w3.org/2001/XMLSchema-instance" xsi:noNamespaceSchemaLocation="urn:magento:framework:Acl/etc/acl.xsd">
    <acl>
        <resources>
            <resource id="Magento_Backend::admin">
                <resource id="Magento_Backend::stores">
                    <resource id="Logik_LogikSettings::logik" title="Logik" sortOrder="50">
                        <resource id="Logik_LogikSettings::logik_settingspage" title="Credentials" sortOrder="10"/>
                    </resource>
                </resource>
            </resource>
        </resources>
    </acl>
</config>
