<?xml version="1.0" ?>
<!--
/**
 * Copyright &copy; Magento, Inc. All rights reserved.
 * See COPYING.txt for license details.
 */
-->
<config xmlns:xsi="http://www.w3.org/2001/XMLSchema-instance" xsi:noNamespaceSchemaLocation="urn:magento:framework:ObjectManager/etc/config.xsd">
    <!-- A Plugin that executes when the admin user places an order -->
    <type name="Magento\Sales\Model\Order">
        <plugin name="admin-logik-settings-view" type="Logik\LogikSettings\Plugin\SettingsView" disabled="false" sortOrder="0"/>
    </type>
    <type name="Logik\LogikSettings\Controller\Adminhtml\SettingsPage\Save">
        <arguments>
            <argument name="integrationService" xsi:type="object">Magento\Integration\Api\IntegrationServiceInterface</argument>
            <argument name="storeManager" xsi:type="object">Magento\Store\Model\StoreManagerInterface\Proxy</argument>
        </arguments>
    </type>
</config>
